Extension,Count,Percentage,Category,Examples
pdf,283535,16.87%,üìÑ Text,Silver File_2117.pdf; 354_pg_OEC 2.pdf; 501_pg_V00 Basic Staff Hat.pdf
doc,217993,12.97%,üìÑ Text,SEMINAIRE TELEPAT Teegeeack CF271084.doc; Know To Mistery Straightwire For Extreme Cases BE170459.doc; Know To Mistery Straightwire For Extreme Cases BE170459.doc
tif,207756,12.36%,üñºÔ∏è Bilder,P0357.TIF; P0390.TIF; P0750.TIF
mp3,173776,10.34%,üéµ Audio,3-01 Track 01.mp3; - PDC 72 26.mp3; Epizentren und Selbstbestimmung 07.mp3
jpg,168183,10.01%,üñºÔ∏è Bilder,C1916.jpg; Silver File Folder_2815.jpg; Test of Whole Track Recall.jpg
htm,167069,9.94%,üìÑ Text,USE_008410.htm; 04_mudefin.htm; SH11_5.HTM
txt,149940,8.92%,üìÑ Text,EB 02-0369.txt; EB 24-0458.txt; EB 10-0016.txt
html,99789,5.94%,üìÑ Text,1047.html; 1047.html; 60.html
gif,56400,3.36%,üñºÔ∏è Bilder,9TITLE.GIF; 9TITLE.GIF; 9TITLE.GIF
rtf,16506,0.98%,üìÑ Text,5107C09C.RTF; 5107C09C.RTF; 5107C09C.RTF
bat,14618,0.87%,üîß System,CP0700_0069.bat; CP0700_0069.bat; M4700_0103.bat
tiff,12501,0.74%,üñºÔ∏è Bilder,00000042.tiff; 00000354.tiff; PES Full Hat CHS 15.tiff
wav,10675,0.64%,üéµ Audio,"2ACC-03B Black Mock-Ups, Persistence, MEST 531118 orig tape.wav; 2ACC-03B Black Mock-Ups, Persistence, MEST 531118 orig tape.wav; 5009C28 S2 DiaNr4 Wie man steckn gebl F√§lle l√∂st.wav"
wma,6863,0.41%,üéµ Audio,21 Track 21.wma; Titel 12.wma; 08 - Track 8.wma
bmp,6644,0.40%,üñºÔ∏è Bilder,0001b180.bmp; 0001A013.bmp; 282.bmp
zip,5871,0.35%,üì¶ Archive,._Philadelphia Doctorate Course (PDC) lectures.zip; COMPLNT.ZIP; COMPLNT.ZIP
frf,5532,0.33%,Unkategorisiert,Beyond Psychology MP0059.FRF; Beyond Psychology MP0059.FRF; 19740003.FRF
box,5009,0.30%,Unkategorisiert,19830122.BOX; 19830001.BOX; EB Index-0213.BOX
png,4796,0.29%,üñºÔ∏è Bilder,Bildschirmfoto vom 2013-02-06 12:26:11.png; Slim Spurling's UNIVERSE page_0085.png; 180804 Screenshot 065.png
rm,4216,0.25%,üé¨ Video,6405C19_SHSBC-383_The_Preclear_and_Getting_Auditing_to_Work.rm; 6405C19_SHSBC-383_The_Preclear_and_Getting_Auditing_to_Work.rm; 6111C08_SHSBC-081_Checking_Case_Reports.rm
db,2535,0.15%,üìä Daten,Thumbs.db; Thumbs.db; Thumbs.db
shtml,1936,0.12%,Unkategorisiert,coroner9-13_page3.shtml; coroner9-13_page3.shtml; coroner9-13_page3.shtml
odt,1870,0.11%,üìÑ Text,"FSB 20060808 Die b√∂sartige Rolle von David Mayo.odt; FSB-layout-ideas-R2.odt; Basics of Creativity and Arts, T Morgen, 1981.odt"
au,1612,0.10%,üéµ Audio,eff1b478.au; eff1f6b7.au; eff0b96d.au
ini,1311,0.08%,üîß System,winprofile.ini; winprofile.ini; winprofile.ini
mht,1283,0.08%,Unkategorisiert,Core Objectives Processes - Trio on Terminals.mht; Core Objectives Processes - Trio on Terminals.mht; Complete List of Scientology and Dianetics Books and Materials of 1970.mht
rar,1220,0.07%,üì¶ Archive,eff_course_eng.rar; eff_course_eng.rar; eff_course_eng.rar
url,1210,0.07%,Unkategorisiert,SHSBC-016.pdf .url; 16ACC02_A_of_Cause_030157.pdf .url; SHSBC-165.pdf .url
met,1094,0.07%,Unkategorisiert,Manag2 301-400.met; Manag2 301-400.met; Manag2 301-400.met
pcx,1078,0.06%,Unkategorisiert,image414.pcx; image414.pcx; image054.pcx
memo,1070,0.06%,Unkategorisiert,eco6.memo; eco6.memo; eco6.memo
ogg,1005,0.06%,üéµ Audio,Unbekannt - 01 - Titel 1.ogg; Unbekannt - 13 - Titel 13.ogg; 24-SHPACL.ogg
css,954,0.06%,üíª Code,color0.css; theme.css; widget70.css
dll,917,0.05%,üîß System,ftserui2.dll; RAOCX32.DLL; RA3228_8.DLL
xls,867,0.05%,üìä Daten,Die Br√ºcke zu Clear Definitionen.xls; Die Br√ºcke zu Clear Definitionen.xls; ATTESTATION LEVEL IV.xls
emz,839,0.05%,Unkategorisiert,image001.emz; image001.emz; image001.emz
mp4,820,0.05%,üé¨ Video,Pam and Ray Kemp give a talk at David Mayo's AAC.mp4; MAH01493.MP4; MAH00393.MP4
docx,775,0.05%,üìÑ Text,28. Plusquamperfekt.docx; L4B Filbert-nl - Copy.docx; 08_DA - OUTLINE OF A COURSE AND ITS PURPOSE.docx
wbk,763,0.05%,Unkategorisiert,Sicherungskopie von Mehr √ºber OWs BD120764.wbk; Sicherungskopie von P710304II.wbk; Sicherungskopie von SCIENTOLOGY-FN UND TA-POSITION BD101276 CSS99.wbk
vob,743,0.04%,üé¨ Video,VTS_01_5.VOB; VTS_06_1.VOB; VTS_01_0.VOB
js,658,0.04%,üíª Code,show_ads.js; bhead_n.js; lib.js
m3u,599,0.04%,Unkategorisiert,mp3tag.m3u; Dianetics_ The Evolution Of A Science.m3u; mp3tag.m3u
cgi.gif,592,0.04%,Unkategorisiert,rle.cgi.gif; rle.cgi.gif; rle.cgi.gif
djvu,587,0.03%,üìÑ Text,All about Radiation (1967 color).djvu; 770101 Intro to the TR Series Volume 0 - durcheinander.djvu; Scn Lebensverbesserungs-Kurse Promo.djvu
wps,579,0.03%,Unkategorisiert,SHSBC249.wps; SHSBC398.wps; SHSBC240.wps
ds_store,544,0.03%,Unkategorisiert,.DS_Store; .DS_Store; .DS_Store
ra,468,0.03%,üéµ Audio,FRT8.RA; ITT9.RA; ALL_LIFE.RA
_.ds_store,463,0.03%,Unkategorisiert,._.DS_Store; ._.DS_Store; ._.DS_Store
flv,460,0.03%,üé¨ Video,1_5_Geting_started_in_Dianetics_-_It_was_almost_like_a_family_-_Miracles.flv; Mike_McClaughry_Guardian_s_Office_9_of_9.flv; Able - What Students and Parents say.flv
mem,436,0.03%,Unkategorisiert,EXM10.MEM; EXM10.MEM; ADO5.MEM
m4a,430,0.03%,üéµ Audio,15-212 Thinnies copy.m4a; 07Component parts of beingness2.m4a; 07Component parts of beingness2.m4a
bup,401,0.02%,Unkategorisiert,VTS_04_0.BUP; VTS_02_0.BUP; VIDEO_TS.BUP
ion,371,0.02%,Unkategorisiert,DESCRIPT.ION; DESCRIPT.ION; DESCRIPT.ION
cat,369,0.02%,Unkategorisiert,ftdiport.cat; TEST1.CAT; acrocat.cat
log,358,0.02%,üîß System,hs_err_pid13898.log; doit.log; 24-09-16-rsync.log
exe,355,0.02%,üîß System,WINRUN.EXE; Haali Reader v2.0 Setup.exe; SELF.EXE
jpeg,349,0.02%,üñºÔ∏è Bilder,ability3.jpeg; ability3.jpeg; image4.jpeg
xml,324,0.02%,üíª Code,filelist.xml; filelist.xml; filelist.xml
dat,305,0.02%,Unkategorisiert,0364.dat; 0364.dat; 0364.dat
pk,297,0.02%,Unkategorisiert,6109C21 S3 SHSBC 057 Reibungslosigkeit im Auditing.pk; 11 - 11 Chapter Two Handling The Confusion Of The Workaday World - L. Ron Hubbard.pk; 12 - Unbekannter Titel - Unbekannter Interpret.pk
directory,296,0.02%,Unkategorisiert,.directory; .directory; .directory
thm,285,0.02%,Unkategorisiert,MAH03036.THM; MAH00655.THM; MAH03248.THM
pfb,281,0.02%,Unkategorisiert,_ei_____.pfb; _ei_____.pfb; _ei_____.pfb
pfm,280,0.02%,Unkategorisiert,_A______.PFM; _A______.PFM; _A______.PFM
deu,272,0.02%,Unkategorisiert,IA32.DEU; IA32.DEU; IA32.DEU
epub,271,0.02%,üìÑ Text,PAB-078 Verwaltung D050456.epub; PAB-094 Anatomie von Fallen D150856.epub; PAB-035 Was ich beim Ausbilden gelernt habe D180954.epub
ram,268,0.02%,Unkategorisiert,mmtvpt2.ram; OTpanelpt3.ram; higb2.ram
ddd,250,0.01%,Unkategorisiert,00000002.ddd; 00000002.ddd; 00000002.ddd
did,250,0.01%,Unkategorisiert,00000002.did; 00000002.did; 00000005.did
class,242,0.01%,Unkategorisiert,Comment.class; SVGFEDiffuseLightingElement.class; Counter.class
pdd,225,0.01%,Unkategorisiert,00000051.pdd; 00000006.pdd; 00000006.pdd
api,224,0.01%,Unkategorisiert,Infusium.api; Infusium.api; Infusium.api
lst,215,0.01%,Unkategorisiert,new.lst; new.lst; new.lst
abt,207,0.01%,Unkategorisiert,00000003.abt; 00000003.abt; 00000003.abt
rsd,205,0.01%,Unkategorisiert,RNKFX32.RSD; RNKFX32.RSD; RNKFX32.RSD
qxd,202,0.01%,Unkategorisiert,26 PURIFICATION RUNDOWN PREGNANCY AND BREAST-FEEDING.qxd; 27 Method 9 Word Clearing the Right Way.qxd; 31.qxd
aug.rtf,198,0.01%,Unkategorisiert,Ot33_347.aug.rtf; Ot33_347.aug.rtf; Ot33_347.aug.rtf
t86.rtf,198,0.01%,Unkategorisiert,Ot404sep.t86.rtf; Ot402sep.t86.rtf; Ot406sep.t86.rtf
jul.rtf,197,0.01%,Unkategorisiert,Ot34_356.jul.rtf; Gmc30a23.jul.rtf; Gmc30a23.jul.rtf
s.rtf,193,0.01%,Unkategorisiert,Key_game.s.rtf; Dn_axiom.s.rtf; Spots_c_.s.rtf
may.rtf,184,0.01%,Unkategorisiert,Ot_13_26.may.rtf; Ot_14_30.may.rtf; Games_11.may.rtf
md5,182,0.01%,Unkategorisiert,checksums.md5; checksums.md5; checksums.md5
csv,181,0.01%,üìä Daten,qryExport_Author.csv; fileliste-Videos.csv; as032002_9458096345.csv
fzb,175,0.01%,Unkategorisiert,1355.FZB; 1351.FZB; 1026.FZB
opy.pdf,172,0.01%,Unkategorisiert,Chartb_c.opy.pdf; Chartd_c.opy.pdf; Chartd_c.opy.pdf
p.rtf,170,0.01%,Unkategorisiert,Tb__12_w.p.rtf; Tb__11_w.p.rtf; Tb__12_w.p.rtf
wmv,169,0.01%,üé¨ Video,AHMC03.wmv; AHMC07.wmv; talkshow1998.wmv
min.css,161,0.01%,Unkategorisiert,pathfora.min.css; hovercard.min.css; hovercard.min.css
mix,160,0.01%,Unkategorisiert,OT_III_List_of_Volcanoes.mix; OT_III_List_of_Volcanoes.mix; OT_III_List_of_Volcanoes.mix
_thumbs.db,156,0.01%,Unkategorisiert,._Thumbs.db; ._Thumbs.db; ._Thumbs.db
ocx,155,0.01%,Unkategorisiert,Threed20.ocx; Threed20.ocx; Threed20.ocx
avi,151,0.01%,üé¨ Video,________ ___.avi; 05_m-theory_11th_dimension.avi; Farscape 3x12 - Meltdown. ____________ (Rus).avi
ods,148,0.01%,üìä Daten,PL671205 SHSBC Checksheet 1967 Level VI - table R4.ods; Liste der BASICS books & Lectures Packs.ods; Liste der BASICS books & Lectures Packs.ods
_hcl.html,143,0.01%,Unkategorisiert,._HCL.html; ._HCL.html; ._HCL.html
srt,140,0.01%,Unkategorisiert,DVD3-The_Freedoms_of_Clear-English.srt; DVD1-The_Fact_of_Clearing-Danish.srt; DVD3-The_Freedoms_of_Clear-Portugese.srt
_somu.html,140,0.01%,Unkategorisiert,._somu.html; ._somu.html; ._somu.html
ogy,139,0.01%,Unkategorisiert,SCIENTO4.OGY; SCIENTO2.OGY; SCIENTOL.OGY
eml,137,0.01%,Unkategorisiert,"Per Sch√∂tz on David Mayo, NOTs 1978.eml; Sea Org 1972 tapes.eml; Critique re Mayo-tape quality mp3.eml"
c19.rtf,131,0.01%,Unkategorisiert,Gmgc16de.c19.rtf; Gmgc16de.c19.rtf; Gmgc16de.c19.rtf
fin.rtf,130,0.01%,Unkategorisiert,TECHBRIE.FIN.rtf; Techbrie.fin.rtf; Techbrie.fin.rtf
wld,130,0.01%,Unkategorisiert,00000000.wld; 00000000.wld; 00000000.wld
lot.rtf,129,0.01%,Unkategorisiert,Bodyswpi.lot.rtf; Bodyswp1.lot.rtf; Bodyswp1.lot.rtf
tsv,127,0.01%,üìä Daten,out-191225-list-of-all-files-in-this-v024-1.tsv; DeDuplicateout9--1-191226-list-of-all-files-in-this-v025.tsv; R19-200814-list-of-all-files-in-eBib-v032.tsv
m9,127,0.01%,Unkategorisiert,P730920.M9; P730920.M9; P730920.M9
ons.rtf,126,0.01%,Unkategorisiert,Definiti.ons.rtf; Definiti.ons.rtf; Definiti.ons.rtf
cue,123,0.01%,Unkategorisiert,L. Ron Hubbard - Wissenschaft des √úberlebens 5.cue; L. Ron Hubbard - Wissenschaft des √úberlebens 5.cue; L. Ron Hubbard - 5 Ethic der Scn.cue
rot.rtf,120,0.01%,Unkategorisiert,Ot14ppfo.rot.rtf; Ot15ppfo.rot.rtf; Ot15ppfo.rot.rtf
pdx,117,0.01%,Unkategorisiert,index.pdx; index.pdx; index.pdx
mpg,113,0.01%,Unkategorisiert,V160.mpg; Scientomogy Room in Tom Cruise's closet.mpg; Scientomogy Room in Tom Cruise's closet.mpg
yco.rtf,112,0.01%,Unkategorisiert,Ot1327ma.yco.rtf; Ot1327ma.yco.rtf; Ot1327ma.yco.rtf
car.rtf,112,0.01%,Unkategorisiert,Pxproce1.car.rtf; Pxproce6.car.rtf; Pxproce6.car.rtf
dln,110,0.01%,Unkategorisiert,W4W62T.dln; W4W62T.dln; W4W62T.dln
mar.rtf,110,0.01%,Unkategorisiert,Briefsum.mar.rtf; Briefsum.mar.rtf; Briefsum.mar.rtf
the.rtf,108,0.01%,Unkategorisiert,Csforphi.the.rtf; Csforphi.the.rtf; Csforphi.the.rtf
err.pdf,107,0.01%,Unkategorisiert,Basicsab.err.pdf; Basicsab.err.pdf; Basicsab.err.pdf
ing.rtf,103,0.01%,Unkategorisiert,STATICBE.ING.rtf; Lta_runn.ing.rtf; Lta_runn.ing.rtf
ach.pdf,102,0.01%,Unkategorisiert,Pstatic1.ach.pdf; Pstatic1.ach.pdf; Pstatic1.ach.pdf
com,101,0.01%,Unkategorisiert,MOVIESE2.COM; MOVIESE2.COM; _WWW_WWA.COM
tmp,100,0.01%,Unkategorisiert,~WRL2352.tmp; ~WRL1196.tmp; ~WRL1747.tmp
stp,100,0.01%,Unkategorisiert,VDK10.STP; vdk10.stp; VDK10.STP
pl,99,0.01%,Unkategorisiert,Search-for-Dates-R18.pl; list-all-files-v009.pl; Search-for-Dates-R10.pl
ver.rtf,99,0.01%,Unkategorisiert,Threeun1.ver.rtf; Threeuni.ver.rtf; Threeuni.ver.rtf
ctc.png,97,0.01%,Unkategorisiert,Bridgepi.ctc.PNG; Bridgepi.ctc.PNG; Bridgepi.ctc.PNG
ca.rtf,94,0.01%,Unkategorisiert,Intro_ex.ca.rtf; Secondex.ca.rtf; ULRICHEX.CA.rtf
doc.doc,93,0.01%,Unkategorisiert,"Potential Trouble Source Routing PE141065.doc.doc; Potential Trouble Source Routing PE141065.doc.doc; 5311C03 01ACC 51 THE LOGICS, PART II.DOC.doc"
ifo,91,0.01%,Unkategorisiert,VTS_01_0.IFO; VTS_01_0.IFO; VIDEO_TS.IFO
eps,87,0.01%,Unkategorisiert,DSC00316a.eps; DSC00346a.eps; DSC00341a.eps
mdb,87,0.01%,üìä Daten,040926 eBib_Daten_BE vor.mdb; Kopie von eBib_Daten_BE 1.mdb; loc97.mdb
aug.pdf,87,0.01%,Unkategorisiert,Ot17_407.aug.pdf; Ot17_407.aug.pdf; Ot17_407.aug.pdf
org,84,0.00%,Unkategorisiert,WWWMONRO.ORG; WWWMONRO.ORG; WWWGURDJ.ORG
cab,83,0.00%,üì¶ Archive,mw Firmware Upgrade.CAB; data1.cab; mw File Converter.CAB
ter.rtf,82,0.00%,Unkategorisiert,Wrighti1.ter.rtf; Notes_af.ter.rtf; Notes_af.ter.rtf
lta.rtf,82,0.00%,Unkategorisiert,Briefing.lta.rtf; Briefing.lta.rtf; Briefing.lta.rtf
pm,80,0.00%,Unkategorisiert,XML.pm; XML.pm; XML.pm
mp3.zip,78,0.00%,Unkategorisiert,710118-3_The_Product_-_Org_Officer_System_Part2_r.mp3.zip; 701117-1_Welcome_to_the_Flag_Executive_Briefing_Course_r.mp3.zip; 700802-1_A_Short_Briefing_of_Guardians_Office_Technical_Personnel.mp3.zip
ndx,77,0.00%,Unkategorisiert,new.ndx; new.ndx; new.ndx
xps,76,0.00%,Unkategorisiert,Why government attacs religion.xps; Why government attacs religion.xps; ._Preisliste 1976.xps
sht.rtf,76,0.00%,Unkategorisiert,_pspa_ck.sht.rtf; _pspa_ck.sht.rtf; _pspa_ck.sht.rtf
ngs.rtf,76,0.00%,Unkategorisiert,Mest_bei.ngs.rtf; Mest_bei.ngs.rtf; Mest_bei.ngs.rtf
tep.rtf,73,0.00%,Unkategorisiert,Phxprocs.tep.rtf; Phxprocs.tep.rtf; Phxprocs.tep.rtf
pjs,72,0.00%,Unkategorisiert,NowhereMan.PJS; NowhereMan.PJS; DancingInDark.PJS
rt2.pdf,72,0.00%,Unkategorisiert,Tb_12cha.rt2.pdf; Tb12_cha.rt2.pdf; Tb12_cha.rt2.pdf
rt1.pdf,72,0.00%,Unkategorisiert,Tb12_cha.rt1.pdf; Tb12_cha.rt1.pdf; Tb_12cha.rt1.pdf
idx,71,0.00%,Unkategorisiert,index1.idx; index1.idx; index1.idx
wdb,70,0.00%,Unkategorisiert,vitam-a.wdb; vitam-a.wdb; dummyadr.wdb
php,68,0.00%,üíª Code,safe_image(1).php; som.php; aohm.php
cnf,68,0.00%,Unkategorisiert,structure.cnf; structure.cnf; structure.cnf
sup,67,0.00%,Unkategorisiert,0603-PDC.SUP; 0601-PDC.SUP; 0601-PDC.SUP
wmf,67,0.00%,Unkategorisiert,PCGEIST2.WMF; Vorlage10.WMF; bild2.wmf
trn,67,0.00%,Unkategorisiert,data.trn; data.trn; data.trn
une.rtf,66,0.00%,Unkategorisiert,Ot_1719j.une.rtf; Ot_1717j.une.rtf; Ot_1717j.une.rtf
sts.rtf,66,0.00%,Unkategorisiert,Stack_li.sts.rtf; Stack_li.sts.rtf; Soloassi.sts.rtf
row.png,65,0.00%,Unkategorisiert,Doublear.row.PNG; Right_ar.row.PNG; Right_ar.row.PNG
pt8.rtf,65,0.00%,Unkategorisiert,Ot4010se.pt8.rtf; Ot4010se.pt8.rtf; Ot4010se.pt8.rtf
plc,65,0.00%,Unkategorisiert,style.plc; style.plc; style.plc
script,64,0.00%,Unkategorisiert,doubt.script; doubt.script; doubt.script
ard.rtf,64,0.00%,Unkategorisiert,Phoenixc.ard.rtf; Phoenixc.ard.rtf; Phoenixc.ard.rtf
ors.rtf,64,0.00%,Unkategorisiert,The_fact.ors.rtf; INC_2ERR.ORS.rtf; INC_2ERR.ORS.rtf
gif.1,63,0.00%,Unkategorisiert,h-pilot.gif.1; h-pilot.gif.1; h-pilot.gif.1
cha.pdf,63,0.00%,Unkategorisiert,Otlevels.cha.pdf; Otlevels.cha.pdf; Otlevels.cha.pdf
ron,62,0.00%,Unkategorisiert,SECRETL1.RON; SECRETL1.RON; REVIEWOF.RON
inf,62,0.00%,Unkategorisiert,SETUP.INF; themes.inf; themes.inf
cyc.rtf,60,0.00%,Unkategorisiert,Exerptcl.cyc.rtf; Theclone.cyc.rtf; Theclone.cyc.rtf
tic.rtf,60,0.00%,Unkategorisiert,Gmcotsta.tic.rtf; Supersta.tic.rtf; Supersta.tic.rtf
h,58,0.00%,üíª Code,"self clearing- a handbook for self enlightenment, by the pilot.h; self clearing- a handbook for self enlightenment, by the pilot.h; self clearing- a handbook for self enlightenment, by the pilot.h"
pr.rtf,58,0.00%,Unkategorisiert,Spforots.pr.rtf; Spforots.pr.rtf; Spforots.pr.rtf
ugp.pdf,58,0.00%,Unkategorisiert,Ot_4027a.ugp.pdf; Ot_4027a.ugp.pdf; Ot_4027a.ugp.pdf
tx,57,0.00%,Unkategorisiert,SEF17-18.TX; SEF17-18.TX; SEF17-18.TX
dec.rtf,57,0.00%,Unkategorisiert,FREEZONE.DEC.rtf; FREEZONE.DEC.rtf; FREEZONE.DEC.rtf
dra.pdf,57,0.00%,Unkategorisiert,Galaxyba.dra.pdf; Confed.dra.pdf; Galaxy.dra.pdf
pac,55,0.00%,Unkategorisiert,581018 Die Geschichte der Dianetik und Scn.PAC; 581018 Die Geschichte der Dianetik und Scn.PAC; 1978.PAC
swf,54,0.00%,Unkategorisiert,CACHE518.SWF; CACHE518.SWF; CACHE648.SWF
men.rtf,54,0.00%,Unkategorisiert,Endpheno.men.rtf; Endpheno.men.rtf; Endpheno.men.rtf
mov,53,0.00%,üé¨ Video,DC_06.MOV; CC_11.MOV; Scientology.mov
opy.rtf,53,0.00%,Unkategorisiert,Gil_ulrc.opy.rtf; Gil_ulrc.opy.rtf; Gil_ulrc.opy.rtf
wer.rtf,52,0.00%,Unkategorisiert,Intro_po.wer.rtf; Intro_po.wer.rtf; Intro_po.wer.rtf
y.rtf,52,0.00%,Unkategorisiert,Telepath.y.rtf; Lp_1_cop.y.rtf; Lp_1_cop.y.rtf
prp.rtf,52,0.00%,Unkategorisiert,Theimpof.prp.rtf; Theimpof.prp.rtf; Theimpof.prp.rtf
hdr,51,0.00%,Unkategorisiert,_sys1.hdr; _sys1.hdr; _sys1.hdr
sh,51,0.00%,üîß System,batch.sh; convert-them.sh; copyto-1.sh
hee.rtf,51,0.00%,Unkategorisiert,SSCHECKS.HEE.rtf; SSCHECKS.HEE.rtf; OT2DATAS.HEE.rtf
json,50,0.00%,üíª Code,590604 6LACC Clearing by Communication Processes - Special Problems.json; 6012C31 AHMC-01  The Genus of Dianetics and Scientology 24.json; FAQ.json
7ma.rtf,50,0.00%,Unkategorisiert,Ot12_132.7ma.rtf; Ot12_132.7ma.rtf; Ot12_132.7ma.rtf
cpr.pdf,50,0.00%,Unkategorisiert,Prestati.cpr.pdf; Prestati.cpr.pdf; Prestati.cpr.pdf
vtt,49,0.00%,Unkategorisiert,590513 6LACC Second Lecture on Clearing Methodology 590513 orig tape.vtt; Iwan-Intro.vtt; 01 Lecture 9  Games Applied to Processing Techniques  560214.vtt
mobi,49,0.00%,üìÑ Text,Dianetik_Die_moderne_Wissenschaft_der_geistigen_Gesundheit_Ron_Hubbard.mobi; Mission Earth 08 - Disaster - L Ron Hubbard.mobi; THE PHOENIX LECTURES - 1968.mobi
ts.rtf,49,0.00%,Unkategorisiert,BLACK_NO.TS.rtf; BLACK_NO.TS.rtf; BLACK_NO.TS.rtf
xcf,48,0.00%,Unkategorisiert,35 Thumbnail-Image.xcf; 690000 9-Div-Orgboard corrected.xcf; 720610 Flag Grade_Chart_1972 Rev1.xcf
rch.rtf,48,0.00%,Unkategorisiert,EXCALIB1.RCH.rtf; EXCALIB1.RCH.rtf; EXCALIB1.RCH.rtf
pro.rtf,47,0.00%,Unkategorisiert,Newexcal.pro.rtf; Newexcal.pro.rtf; Newexcal.pro.rtf
ame.rtf,47,0.00%,Unkategorisiert,New_civg.ame.rtf; New_civg.ame.rtf; New_civg.ame.rtf
ex.rtf,46,0.00%,Unkategorisiert,Ckshtnew.ex.rtf; Ckshtnew.ex.rtf; Ckshtnew.ex.rtf
net,46,0.00%,Unkategorisiert,_WWWXENU.NET; _WWWXENU.NET; _WWWXENU.NET
mma.pdf,46,0.00%,Unkategorisiert,Foldersu.mma.pdf; Foldersu1.mma.pdf; Foldersu1.mma.pdf
low.rtf,46,0.00%,Unkategorisiert,Gravityf.low.rtf; Gravityf.low.rtf; Gravityf.low.rtf
html.tmp,45,0.00%,Unkategorisiert,Robert Anton Wilson - Cosmic Trigger.html.tmp; Thy Kingdom Come - No 8.html.tmp; 1192017-000 --- 69-680 --- Section 1 (1108960).html.tmp
lng,45,0.00%,Unkategorisiert,Ocatext.lng; Ocatext.lng; Ocatext.lng
jpg.jpg,45,0.00%,Unkategorisiert,glider.jpg.jpg; lafewatr.jpg.jpg; asf1950.jpg.jpg
iso,44,0.00%,üì¶ Archive,2006 LRH Bday.iso; 2012 LRH BDay.ISO; 2011 Dn Day.iso
psd,44,0.00%,üñºÔ∏è Bilder,contact.psd; TravelMotion.psd; prices.psd
5au.rtf,44,0.00%,Unkategorisiert,Ot35_401.5au.rtf; Ot35_401.5au.rtf; Ot35_402.5au.rtf
jun.rtf,44,0.00%,Unkategorisiert,Ulr_2312.jun.rtf; Ulr_2312.jun.rtf; Ulr_2312.jun.rtf
ict.png,44,0.00%,Unkategorisiert,Bridge_p.ict.PNG; Bridge_p.ict.PNG; Bridge_p.ict.PNG
gs.rtf,44,0.00%,Unkategorisiert,False_co.gs.rtf; Why_bein.gs.rtf; Why_bein.gs.rtf
4au.rtf,44,0.00%,Unkategorisiert,Ot34_403.4au.rtf; Ot34_402.4au.rtf; Ot34_402.4au.rtf
ews.rtf,44,0.00%,Unkategorisiert,Excal_xn.ews.rtf; Excal_xn.ews.rtf; Excal_xn.ews.rtf
0au.rtf,44,0.00%,Unkategorisiert,Ot34_403.0au.rtf; Ot34_402.0au.rtf; Ot34_403.0au.rtf
h.rtf,44,0.00%,Unkategorisiert,Ot_3_cks.h.rtf; Ot_3_cks.h.rtf; Ot_3_cks.h.rtf
ess.rtf,44,0.00%,Unkategorisiert,Ot17exps.ess.rtf; Ot17exps.ess.rtf; Ot17exps.ess.rtf
ies.rtf,44,0.00%,Unkategorisiert,Liabili1.ies.rtf; Liabili1.ies.rtf; Liabili1.ies.rtf
1au.rtf,44,0.00%,Unkategorisiert,Ot35_402.1au.rtf; Ot35_402.1au.rtf; Ot35_402.1au.rtf
one.rtf,44,0.00%,Unkategorisiert,Resurrcl.one.rtf; Resurrcl.one.rtf; Resurrcl.one.rtf
lan.rtf,44,0.00%,Unkategorisiert,LOGICALP.LAN.rtf; Logicalp.lan.rtf; Logicalp.lan.rtf
eat.rtf,43,0.00%,Unkategorisiert,Bodyswcr.eat.rtf; Bodyswcr.eat.rtf; Bodyswcr.eat.rtf
ali.rtf,43,0.00%,Unkategorisiert,Ulr42tot.ali.rtf; Spineexc.ali.rtf; Spineexc.ali.rtf
mpl.rtf,43,0.00%,Unkategorisiert,Bodyswsi.mpl.rtf; Bodyswsi.mpl.rtf; Bodyswsi.mpl.rtf
cdr,43,0.00%,Unkategorisiert,—Ä–µ–∫–ª–∞–º–∫–∞ —ç—Ç–æ - –≤—ã.cdr; –≤–∏–∑–∏—Ç–∫–∏ —Å–æ —Å–ø–∏—Å–∫–æ–º –∏–∑ –°–ê.cdr; Vollst‚Äûndige Tonskala.cdr
zon,43,0.00%,Unkategorisiert,._HP OCA Template.zon; HP OCA Template.zon; HP OCA Template.zon
8de.rtf,43,0.00%,Unkategorisiert,Csjavier.8de.rtf; Csjavier.8de.rtf; Csjavier.8de.rtf
zag.png,43,0.00%,Unkategorisiert,Left_zig.zag.PNG; Left_zig.zag.PNG; Left_zig.zag.PNG
d.rtf,42,0.00%,Unkategorisiert,TRAINROA.D.rtf; TRUTHGRA.D.rtf; TRUTHGRA.D.rtf
_tech.jpg,42,0.00%,Unkategorisiert,._tech.jpg; ._tech.jpg; ._tech.jpg
iza.rtf,42,0.00%,Unkategorisiert,Exterio1.iza.rtf; Exterio1.iza.rtf; Exterio1.iza.rtf
den.rtf,42,0.00%,Unkategorisiert,BASICTEN.DEN.rtf; BASICTEN.DEN.rtf; Basicten.den.rtf
eb.rtf,42,0.00%,Unkategorisiert,EP_EACH_.EB.rtf; EP_EACH_.EB.rtf; EP_EACH_.EB.rtf
r.rtf,42,0.00%,Unkategorisiert,Chron_wb.r.rtf; Ot_rolle.r.rtf; Chron_wb.r.rtf
cgi,41,0.00%,Unkategorisiert,js.cgi; js.cgi; js.cgi
clr.rtf,40,0.00%,Unkategorisiert,Prestati.clr.rtf; Prestati.clr.rtf; Prestati.clr.rtf
not.pdf,40,0.00%,Unkategorisiert,Ot141516.not.pdf; Ot141516.not.pdf; Ot141516.not.pdf
11j.rtf,40,0.00%,Unkategorisiert,Ot16data.11j.rtf; Ot16data.11j.rtf; Ot16data.11j.rtf
eet.pdf,40,0.00%,Unkategorisiert,Gmdatash.eet.pdf; Gmdatash.eet.pdf; Gmdatash.eet.pdf
eve.rtf,40,0.00%,Unkategorisiert,Ot14necl.eve.rtf; Ot14necl.eve.rtf; Ot14necl.eve.rtf
tfo.rtf,39,0.00%,Unkategorisiert,Ot13shor.tfo.rtf; Ot13shor.tfo.rtf; Ot13shor.tfo.rtf
tec.rtf,39,0.00%,Unkategorisiert,DATELOCA.TEC.rtf; DATELOCA.TEC.rtf; DATELOCA.TEC.rtf
k.rtf,39,0.00%,Unkategorisiert,TEEGEEAC.K.rtf; TEEGEEAC.K.rtf; TEEGEEAC.K.rtf
not.rtf,38,0.00%,Unkategorisiert,Ot13tech.not.rtf; Ot13tech.not.rtf; Ot13tech.not.rtf
end,38,0.00%,Unkategorisiert,THEMIN17.END; THEMIN17.END; THEMIN14.END
tle.rtf,38,0.00%,Unkategorisiert,Furthero.tle.rtf; Furthero.tle.rtf; Furthero.tle.rtf
bei.rtf,38,0.00%,Unkategorisiert,Rightofa.bei.rtf; Rightofa.bei.rtf; Rightofa.bei.rtf
6_1.rtf,38,0.00%,Unkategorisiert,Ssrd_ot1.6_1.rtf; Ssrd_ot1.6_1.rtf; Ssrd_ot1.6_1.rtf
e12.pdf,38,0.00%,Unkategorisiert,Ssrdsinc.e12.pdf; Ssrdsinc.e12.pdf; Ssrdsinc.e12.pdf
is1.rtf,38,0.00%,Unkategorisiert,Ssrdxenu.is1.rtf; Ssrdxenu.is1.rtf; Ssrdxenu.is1.rtf
ar9.rtf,38,0.00%,Unkategorisiert,Postintm.ar9.rtf; Postintm.ar9.rtf; Postintm.ar9.rtf
fm.pdf,37,0.00%,Unkategorisiert,720410-1hcob.fm.pdf; 730120-1rehcob.fm.pdf; 710619-2hcob.fm.pdf
flb,37,0.00%,Unkategorisiert,trueGOAL-A.flb; trueGOAL-A.flb; StDB3.flb
lit,37,0.00%,Unkategorisiert,"Hubbard, L Ron - Mission Earth 01 - Invaders Plan.lit; Hubbard, L Ron - Mission Earth 02 - Black Genesis%.lit; ._Hubbard, L. Ron - Mission Earth 04 - An Alien Affair.lit"
est.rtf,37,0.00%,Unkategorisiert,Spots_pr.est.rtf; Spots_pr.est.rtf; Spots_pr.est.rtf
eep.rtf,36,0.00%,Unkategorisiert,Ot13_2sl.eep.rtf; Ot13_2sl.eep.rtf; Ot13_2sl.eep.rtf
aif,36,0.00%,Unkategorisiert,09The descent of man2.aif; 09The descent of man2.aif; 5506C03 ASMC-01 Hope of Men GTK.aif
ial.rtf,36,0.00%,Unkategorisiert,Gmcmater.ial.rtf; Nonmater.ial.rtf; Nonmater.ial.rtf
irl.rtf,36,0.00%,Unkategorisiert,Ot12repa.irl.rtf; Ot12repa.irl.rtf; Ot12repa.irl.rtf
nes.rtf,36,0.00%,Unkategorisiert,Cogtired.nes.rtf; Cogtired.nes.rtf; Cogtired.nes.rtf
ws.rtf,36,0.00%,Unkategorisiert,Loser_la.ws.rtf; Loser_la.ws.rtf; Loser_la.ws.rtf
ypm.pdf,36,0.00%,Unkategorisiert,Ot1314ma.ypm.pdf; Ot1314ma.ypm.pdf; Ot1314ma.ypm.pdf
log.csv,35,0.00%,Unkategorisiert,190622-list-of-all-files-in-Peripherie - Zubeh√∂r-v015a.log.csv; 20190620-list-of-all-files-in-this-folder.log.csv; 190628-list-of-all-files-in-IFA-v022.log.csv
pdf.pdf,35,0.00%,Unkategorisiert,1192017-000 --- 69-680 --- Section 1 (1108960).pdf.pdf; 1192017-000 --- 69-680 --- Section 1 (1108960).pdf.pdf; 5312c09 2ACC19B Bodies.pdf.pdf
let.rtf,35,0.00%,Unkategorisiert,Secopbul.let.rtf; Secopbul.let.rtf; Secopbul.let.rtf
syd,35,0.00%,Unkategorisiert,VDK10.SYD; VDK10.SYD; VDK10.SYD
mmm,35,0.00%,Unkategorisiert,ZX______.MMM; ZX______.MMM; ZX______.MMM
cs5.rtf,35,0.00%,Unkategorisiert,Percepti.cs5.rtf; Percepti.cs5.rtf; Percepti.cs5.rtf
apl,35,0.00%,Unkategorisiert,ADMPlugin.apl; ADMPlugin.apl; ADMPlugin.apl
rst,35,0.00%,Unkategorisiert,VDK10.RST; VDK10.RST; vdk10.rst
pla.rtf,35,0.00%,Unkategorisiert,Arckrcim.pla.rtf; Arckrcim.pla.rtf; Arckrcim.pla.rtf
py3.pdf,35,0.00%,Unkategorisiert,Bridgeco.py3.pdf; Bridgeco.py3.pdf; Bridgeco.py3.pdf
_pdc.html,34,0.00%,Unkategorisiert,._pdc.html; ._pdc.html; ._pdc.html
op_.pdf,34,0.00%,Unkategorisiert,Ulr_20lo.op_.pdf; Ulr_20lo.op_.pdf; Ulr_20lo.op_.pdf
p.pdf,34,0.00%,Unkategorisiert,Ulr_20_w.p.pdf; Ulr_20_w.p.pdf; Ulr_20_w.p.pdf
rce.pdf,34,0.00%,Unkategorisiert,Ulr14sou.rce.pdf; Ulr14sou.rce.pdf; Ulr14sou.rce.pdf
0.doc,34,0.00%,Unkategorisiert,Tb_09wor.0.doc; WORK_COURSE_CHKSHEET__[v6.0.doc; WORK_COURSE_CHKSHEET__[v6.0.doc
nws,33,0.00%,Unkategorisiert,fzba smu-1.nws; 080804 - HASI Files Updates_Additions since 033104.nws; ARC Break Tech.nws
ico,33,0.00%,üñºÔ∏è Bilder,Icon2.ico; Icon1.ico; packet.ico
max,32,0.00%,Unkategorisiert,Kurs- Lerne eine Ehe zu verbessern.max; Time Track of Theta deutsch.max; Refund-Repayment-Hatting-Pack.max
pe3,32,0.00%,Unkategorisiert,imageiio.pe3; imageiio.pe3; imaginfo.pe3
_vdk10.syd,32,0.00%,Unkategorisiert,._vdk10.syd; ._VDK10.SYD; ._VDK10.SYD
t13.rtf,32,0.00%,Unkategorisiert,Introtoo.t13.rtf; Introtoo.t13.rtf; Introtoo.t13.rtf
old,32,0.00%,Unkategorisiert,P580919.OLD; P580919.OLD; P580919.OLD
sec.rtf,32,0.00%,Unkategorisiert,Firstand.sec.rtf; Firstand.sec.rtf; Firstand.sec.rtf
ht,31,0.00%,Unkategorisiert,a few links and recommended sources related to psychopolitics.ht; a few links and recommended sources related to psychopolitics.ht; SCIENTOL.HT
m4v,31,0.00%,üé¨ Video,ClearingCongress5.m4v; ClearingCongress5.m4v; scientology-flag-world-tour-2004-video.m4v
mts,31,0.00%,Unkategorisiert,00007.MTS; 00001.MTS; 220530 AGs Ansprache 5G.MTS
dot,31,0.00%,Unkategorisiert,SunshineRD Cert.dot; Quality counts PE260561.dot; 03APR66.DOT
ncl,30,0.00%,Unkategorisiert,OPERATI1.NCL; OPERATI1.NCL; OPERATIO.NCL
erc.rtf,30,0.00%,Unkategorisiert,Intropow.erc.rtf; Intropow.erc.rtf; Intropow.erc.rtf
9ma.rtf,30,0.00%,Unkategorisiert,Cocycle2.9ma.rtf; Cocycle2.9ma.rtf; Cocycle2.9ma.rtf
_.rtf,30,0.00%,Unkategorisiert,Gog__act._.rtf; Gog__act._.rtf; Gog__act._.rtf
ene.rtf,30,0.00%,Unkategorisiert,Usesawar.ene.rtf; Usesawar.ene.rtf; Usesawar.ene.rtf
894.pdf,30,0.00%,Unkategorisiert,1lechart.894.pdf; 1lechart.894.pdf; 1lechart.894.pdf
ott,29,0.00%,Unkategorisiert,FSB-layout-R12.ott; FSPL 2014mmtt.ott; FSPL-layout-EN-R.ott
o,29,0.00%,Unkategorisiert,timegates.o; logfile.o; y_timegates.o
smo.rtf,29,0.00%,Unkategorisiert,WHYBEING.SMO.rtf; WHYBEING.SMO.rtf; WHYBEING.SMO.rtf
9ju.pdf,29,0.00%,Unkategorisiert,Blowout2.9ju.pdf; Blowout2.9ju.pdf; Blowout2.9ju.pdf
19a.pdf,29,0.00%,Unkategorisiert,Ot40_d12.19a.pdf; Ot40_d12.19a.pdf; Ot40_d12.19a.pdf
rap.pdf,29,0.00%,Unkategorisiert,Ot17_33g.rap.pdf; Ot17_33g.rap.pdf; Ot17_33g.rap.pdf
ls.pdf,29,0.00%,Unkategorisiert,Mon_leve.ls.pdf; Mon_leve.ls.pdf; Mon_leve.ls.pdf
phi.pdf,29,0.00%,Unkategorisiert,Gmc42gra.phi.pdf; Gmc42gra.phi.pdf; Gmc42gra.phi.pdf
pt8.pdf,29,0.00%,Unkategorisiert,Ot4027se.pt8.pdf; Ot4027se.pt8.pdf; Ot4027se.pt8.pdf
ema.pdf,29,0.00%,Unkategorisiert,Gmc87pag.ema.pdf; Gmc87pag.ema.pdf; Gmc87pag.ema.pdf
ase.pdf,29,0.00%,Unkategorisiert,Xenu_s_c.ase.pdf; Xenu_s_c.ase.pdf; Xenu_s_c.ase.pdf
k4d.pdf,29,0.00%,Unkategorisiert,Cointric.k4d.pdf; Cointric.k4d.pdf; Cointric.k4d.pdf
86_.pdf,29,0.00%,Unkategorisiert,Ot409sep.86_.pdf; Ot409sep.86_.pdf; Ot409sep.86_.pdf
les.pdf,29,0.00%,Unkategorisiert,OT40GAME.les.pdf; OT40GAME.les.pdf; OT40GAME.les.pdf
une.pdf,29,0.00%,Unkategorisiert,Ot_1713j.une.pdf; Ot_1713j.une.pdf; Ot_1713j.une.pdf
lit.rtf,29,0.00%,Unkategorisiert,TWOLIABI.LIT.rtf; TWOLIABI.LIT.rtf; TWOLIABI.LIT.rtf
7ju.pdf,29,0.00%,Unkategorisiert,Ax10_112.7ju.pdf; Ax10_112.7ju.pdf; Ax10_112.7ju.pdf
cid.rtf,29,0.00%,Unkategorisiert,TYPEOFIN.CID.rtf; TYPEOFIN.CID.rtf; TYPEOFIN.CID.rtf
tlb,29,0.00%,Unkategorisiert,pdf.tlb; pdf.tlb; pdf.tlb
nd_.pdf,29,0.00%,Unkategorisiert,Ethicsco.nd_.pdf; Ethicsco.nd_.pdf; Ethicsco.nd_.pdf
6ju.pdf,29,0.00%,Unkategorisiert,Ot17_182.6ju.pdf; Ot17_182.6ju.pdf; Ot17_182.6ju.pdf
html_cmp_,28,0.00%,Unkategorisiert,LGC1953_Tapes-2.html_cmp_; 1952_PerceptionOfTruth.html_cmp_; LGC1953_Tapes-2.html_cmp_
_ov1.zip,28,0.00%,Unkategorisiert,._ov1.zip; ._ov1.zip; ._ov1.zip
_89.pdf,28,0.00%,Unkategorisiert,2lcchart._89.pdf; 2lcchart._89.pdf; 2lcchart._89.pdf
ics,28,0.00%,Unkategorisiert,STUDYBA6.ICS; STUDYBA6.ICS; STUDYBA5.ICS
ge.rtf,28,0.00%,Unkategorisiert,TITLE_PA.GE.rtf; Title_pa.ge.rtf; TITLE_PA.GE.rtf
3ju.pdf,28,0.00%,Unkategorisiert,Ot34_352.3ju.pdf; Ot34_352.3ju.pdf; Ot34_352.3ju.pdf
info,27,0.00%,Unkategorisiert,LRHBLUE2.INFO; DISK.INFO; RALPHHILTON.INFO
_tech2.jpg,27,0.00%,Unkategorisiert,._tech2.jpg; ._tech2.jpg; ._tech2.jpg
log.txt,27,0.00%,Unkategorisiert,200814-list-of-all-files-in-Lectures-v032.log.txt; 200113-list-of-all-files-in-01 - Lectures-v030.log.txt; 200412-list-of-all-files-in-Bibliothek-v032.log.txt
wd3,27,0.00%,Unkategorisiert,Descr.WD3; Descr.WD3; Descr.WD3
btr,27,0.00%,Unkategorisiert,deptodoc.btr; doctodep.btr; doctodep.btr
ahk,26,0.00%,Unkategorisiert,Master.ahk; Master.ahk; NonRecursiveUnlinkedFileFinder.ahk
vie.doc,26,0.00%,Unkategorisiert,Ltainter.vie.doc; Ltainter.vie.doc; Ltainter.vie.doc
ksh.rtf,26,0.00%,Unkategorisiert,Prestlrc.ksh.rtf; Prestlrc.ksh.rtf; Prestlrc.ksh.rtf
rno.rtf,26,0.00%,Unkategorisiert,EXCALIBU.RNO.rtf; EXCALIBU.RNO.rtf; EXCALIBU.RNO.rtf
ate.rtf,26,0.00%,Unkategorisiert,Ot_13loc.ate.rtf; Ot_13loc.ate.rtf; Ot_13loc.ate.rtf
sam,25,0.00%,Unkategorisiert,CONF TECH 10.SAM; CONF TECH 7 1ER.SAM; CONF TECH 1.SAM
edu,25,0.00%,Unkategorisiert,ATHEISTT.EDU; ATHEISTT.EDU; WWWCSCMU.EDU
art,25,0.00%,Unkategorisiert,EXTER213.art; EXTER213.art; EXTER213.art
sdr,25,0.00%,Unkategorisiert,Routine 3RA Engramm running by Chains - NED 6RA.sdr; 9 Divisionen Orgboard.sdr; HCOB 7. 9. 78R Modernes Wiederholendes Prepchecken.sdr
jpe,25,0.00%,Unkategorisiert,0e0a_1_b.jpe; bg6.jpe; bg6.jpe
tei,25,0.00%,Unkategorisiert,LOGIKIL9.TEI; LOGIKIL9.TEI; LOGIKIL3.TEI
rse.rtf,25,0.00%,Unkategorisiert,SSC_SCOU.RSE.rtf; SSC_SCOU.RSE.rtf; SSC_SCOU.RSE.rtf
do,25,0.00%,Unkategorisiert,Ron's Legacy of OT - Summary on OT-Hatting-Lectures and Tapes.do; 1.12.52 PDC 1 Er√∂ffnung- Was auf dem Kurs gemacht werden soll.do; 5ACC-09 9 APR 54 UNIVERSE CONDITIONS OF THE MIND AND REMEDIES.do
sse.rtf,25,0.00%,Unkategorisiert,Newcorra.sse.rtf; Srcproce.sse.rtf; Srcproce.sse.rtf
xlsx,24,0.00%,üìä Daten,SHSBC - G-checked - en list only (2).xlsx; big_files_list.xlsx; 1 - Digital Library - Written.xlsx
-s2.mp3,24,0.00%,Unkategorisiert,"19591126-Tape-_______-LRH-en-_- MACC 1-T28-The Handling of Cases-...-S2.mp3; 19591126-Tape-_______-LRH-en-_- MACC 1-T28-The Handling of Cases-...-S2.mp3; 19591111-Tape-_______-LRH-en-_- MACC 1-T05-Cycle of Action - Create, Destroy...-S2.mp3"
_text.txt,24,0.00%,Unkategorisiert,._text.txt; ._text.txt; ._text.txt
nut.rtf,24,0.00%,Unkategorisiert,EXCALINA.NUT.rtf; EXCALINA.NUT.rtf; EXCALINA.NUT.rtf
bak,24,0.00%,Unkategorisiert,10OF10.BAK; 01of16.bak; AG's Systematik f√ºr die THE Qs - THE PRELOGICS.bak
fli.rtf,24,0.00%,Unkategorisiert,OUTLINEO.FLI.rtf; OUTLINEO.FLI.rtf; OUTLINEO.FLI.rtf
utt.rtf,24,0.00%,Unkategorisiert,BEFORE1B.UTT.rtf; BEFORE1B.UTT.rtf; BEFORE1B.UTT.rtf
ctu.rtf,24,0.00%,Unkategorisiert,ROADSTRU.CTU.rtf; ROADSTRU.CTU.rtf; ROADSTRU.CTU.rtf
ocl.rtf,24,0.00%,Unkategorisiert,ETHICSPR.OCL.rtf; ETHICSPR.OCL.rtf; ETHICSPR.OCL.rtf
ced.rtf,24,0.00%,Unkategorisiert,BASICPRO.CED.rtf; BASICPRO.CED.rtf; BASICPRO.CED.rtf
-s1.mp3,24,0.00%,Unkategorisiert,19591123-Tape-_______-LRH-en-_- MACC 1-T22-Demo - Responsibility for...-S1.mp3; 19591123-Tape-_______-LRH-en-_- MACC 1-T22-Demo - Responsibility for...-S1.mp3; 19591110-Tape-_______-LRH-en-_- MACC 1-T03-Valence Splitting - Entering...-S1.mp3
agn.rtf,24,0.00%,Unkategorisiert,ORDEROFM.AGN.rtf; ORDEROFM.AGN.rtf; ORDEROFM.AGN.rtf
rec.rtf,24,0.00%,Unkategorisiert,EXCALCOR.REC.rtf; EXCALCOR.REC.rtf; EXCALCOR.REC.rtf
rvi.rtf,24,0.00%,Unkategorisiert,DOFPINTE.RVI.rtf; DOFPINTE.RVI.rtf; DOFPINTE.RVI.rtf
rs.rtf,24,0.00%,Unkategorisiert,Implante.rs.rtf; Implante.rs.rtf; Implante.rs.rtf
eft.rtf,24,0.00%,Unkategorisiert,NOTHINGL.EFT.rtf; NOTHINGL.EFT.rtf; NOTHINGL.EFT.rtf
han.rtf,24,0.00%,Unkategorisiert,RULESFOR.HAN.rtf; RULESFOR.HAN.rtf; RULESFOR.HAN.rtf
es_.rtf,24,0.00%,Unkategorisiert,POSTULAT.ES_.rtf; POSTULAT.ES_.rtf; POSTULAT.ES_.rtf
edu.rtf,24,0.00%,Unkategorisiert,PRE1PROC.EDU.rtf; PRE1PROC.EDU.rtf; PRE1PROC.EDU.rtf
out.rtf,24,0.00%,Unkategorisiert,OVERALLR.OUT.rtf; OVERALLR.OUT.rtf; OVERALLR.OUT.rtf
tio.rtf,24,0.00%,Unkategorisiert,INTRODUC.TIO.rtf; INTRODUC.TIO.rtf; INTRODUC.TIO.rtf
abe.rtf,24,0.00%,Unkategorisiert,RIGHTSOF.ABE.rtf; RIGHTSOF.ABE.rtf; RIGHTSOF.ABE.rtf
alh.rtf,24,0.00%,Unkategorisiert,ADDITION.ALH.rtf; ADDITION.ALH.rtf; ADDITION.ALH.rtf
xca.rtf,24,0.00%,Unkategorisiert,Runninge.xca.rtf; Runninge.xca.rtf; Runninge.xca.rtf
rti.rtf,24,0.00%,Unkategorisiert,EXCALIBU.RTI.rtf; EXCALIBU.RTI.rtf; EXCALIBU.RTI.rtf
oce.rtf,24,0.00%,Unkategorisiert,SAMPLEPR.OCE.rtf; SAMPLEPR.OCE.rtf; SAMPLEPR.OCE.rtf
neo.rtf,24,0.00%,Unkategorisiert,MISCELLA.NEO.rtf; MISCELLA.NEO.rtf; MISCELLA.NEO.rtf
uck.rtf,24,0.00%,Unkategorisiert,BEING_ST.UCK.rtf; BEING_ST.UCK.rtf; BEING_ST.UCK.rtf
abi.rtf,24,0.00%,Unkategorisiert,Advicest.abi.rtf; Advicest.abi.rtf; Advicest.abi.rtf
ses.rtf,24,0.00%,Unkategorisiert,REPAIRAS.SES.rtf; REPAIRAS.SES.rtf; REPAIRAS.SES.rtf
ash.rtf,24,0.00%,Unkategorisiert,ALLINAFL.ASH.rtf; ALLINAFL.ASH.rtf; ALLINAFL.ASH.rtf
din.rtf,24,0.00%,Unkategorisiert,Stackwor.din.rtf; Stackwor.din.rtf; Stackwor.din.rtf
mkv,23,0.00%,üé¨ Video,Shortlink Bitly Tutorial.mkv; havefun-HP2-720p.mkv; 190310_21h25 eBib-Presentation part 2.mkv
amt.pdf,23,0.00%,Unkategorisiert,Orgdiagr.amt.pdf; Orgdiagr.amt.pdf; Orgdiagr.amt.pdf
ref,23,0.00%,Unkategorisiert,9edf2022180a565bf4b171de0c7cb891.ref; 402d682a1719be80eff3575d092a595a.ref; c20d2177dc0cec5462c459a537207618.ref
ddi.rtf,23,0.00%,Unkategorisiert,OLDCONFE.DDI.rtf; OLDCONFE.DDI.rtf; OLDCONFE.DDI.rtf
dco.pdf,23,0.00%,Unkategorisiert,Orgdiac_.dco.pdf; Orgdiac_.dco.pdf; Orgdiac_.dco.pdf
_lrun.zip,23,0.00%,Unkategorisiert,._lrun.zip; ._lrun.zip; ._lrun.zip
vie.rtf,23,0.00%,Unkategorisiert,Ltainter.vie.rtf; Gmccssil.vie.rtf; Gmccssil.vie.rtf
bcb.rtf,23,0.00%,Unkategorisiert,Body_sw_.bcb.rtf; Body_sw_.bcb.rtf; Body_sw_.bcb.rtf
pmc.p2.pdf,23,0.00%,Unkategorisiert,Orgboard.pmc.p2.pdf; Orgboard.pmc.p2.pdf; Orgboard.pmc.p2.pdf
tro.rtf,23,0.00%,Unkategorisiert,BRIDGE_A.TRO.rtf; BRIDGE_A.TRO.rtf; BRIDGE_A.TRO.rtf
tsc.pdf,23,0.00%,Unkategorisiert,Orgdiat_.tsc.pdf; Orgdiat_.tsc.pdf; Orgdiat_.tsc.pdf
ins,23,0.00%,Unkategorisiert,KAUFANN-.INS; KAUFANN-.INS; KAUFANN-.INS
ecd.pdf,23,0.00%,Unkategorisiert,Orgdiaex.ecd.pdf; Orgdiaex.ecd.pdf; Orgdiaex.ecd.pdf
gra.pdf,23,0.00%,Unkategorisiert,Orgpddia.gra.pdf; Orgpddia.gra.pdf; Orgpddia.gra.pdf
ne8.rtf,23,0.00%,Unkategorisiert,Pict23ju.ne8.rtf; Pict23ju.ne8.rtf; Pict23ju.ne8.rtf
ate.pdf,23,0.00%,Unkategorisiert,Orgtempl.ate.pdf; Orgtempl.ate.pdf; Orgtempl.ate.pdf
pmc.p4.pdf,23,0.00%,Unkategorisiert,Orgboard.pmc.p4.pdf; Orgboard.pmc.p4.pdf; Orgboard.pmc.p4.pdf
pmc.p3.pdf,23,0.00%,Unkategorisiert,Orgboard.pmc.p3.pdf; Orgboard.pmc.p3.pdf; Orgboard.pmc.p3.pdf
pmc.p1.pdf,23,0.00%,Unkategorisiert,Orgboard.pmc.p1.pdf; Orgboard.pmc.p1.pdf; Orgboard.pmc.p1.pdf
rsc.rtf,23,0.00%,Unkategorisiert,Bswprepc.rsc.rtf; Bswprepc.rsc.rtf; Bswprepc.rsc.rtf
d,23,0.00%,Unkategorisiert,Ability Nr. 90 - How to Study Scientology - Evaluation of Data.d; B630515 - DIE ZEITSPUR U#151D.d; B630515 - DIE ZEITSPUR U#151D.d
pco.pdf,23,0.00%,Unkategorisiert,Orgdiaq_.pco.pdf; Orgdiaq_.pco.pdf; Orgdiaq_.pco.pdf
2ti.pdf,22,0.00%,Unkategorisiert,Bootsvol.2ti.pdf; Bootsvol.2ti.pdf; Bootsvol.2ti.pdf
wks,22,0.00%,Unkategorisiert,purif pour m√©decins tableau 2a.wks; purif pour m√©decins tableau 2a.wks; purif pour m√©decins tableau 2b.wks
bod.rtf,22,0.00%,Unkategorisiert,Letterre.bod.rtf; Letterre.bod.rtf; Letterre.bod.rtf
ndw.rtf,22,0.00%,Unkategorisiert,Newzeala.ndw.rtf; Newzeala.ndw.rtf; Newzeala.ndw.rtf
tes.doc,22,0.00%,Unkategorisiert,Ot_13_no.tes.doc; Ot_13_no.tes.doc; Ot_13_no.tes.doc
7.rtf,22,0.00%,Unkategorisiert,Sol_ulr_.7.rtf; Sol_ulr_.7.rtf; Sol_ulr_.7.rtf
tip.rtf,22,0.00%,Unkategorisiert,Gmgctech.tip.rtf; Gmgctech.tip.rtf; Gmgctech.tip.rtf
g_2.rtf,22,0.00%,Unkategorisiert,Ot4030au.g_2.rtf; Ot4030au.g_2.rtf; Ot4030au.g_2.rtf
c_2.rtf,22,0.00%,Unkategorisiert,Ot_40spe.c_2.rtf; Ot_40spe.c_2.rtf; Ot_40spe.c_2.rtf
5no.rtf,22,0.00%,Unkategorisiert,Methass2.5no.rtf; Methass2.5no.rtf; Methass2.5no.rtf
es1.rtf,22,0.00%,Unkategorisiert,Dataseri.es1.rtf; Dataseri.es1.rtf; Dataseri.es1.rtf
led.rtf,22,0.00%,Unkategorisiert,Ulr43fai.led.rtf; Ulr43fai.led.rtf; Ulr43fai.led.rtf
w12.png,22,0.00%,Unkategorisiert,Leftarro.w12.PNG; Leftarro.w12.PNG; Leftarro.w12.PNG
6ju.rtf,22,0.00%,Unkategorisiert,Ot17_181.6ju.rtf; Ot17_181.6ju.rtf; Ot17_181.6ju.rtf
col.rtf,22,0.00%,Unkategorisiert,Csforlta.col.rtf; Csforlta.col.rtf; Csforlta.col.rtf
ndl.rtf,22,0.00%,Unkategorisiert,Hintonha.ndl.rtf; Hintonha.ndl.rtf; Hintonha.ndl.rtf
rig.rtf,22,0.00%,Unkategorisiert,Solulr64.rig.rtf; Solulr64.rig.rtf; Solulr64.rig.rtf
8co.pdf,22,0.00%,Unkategorisiert,Bootsvol.8co.pdf; Bootsvol.8co.pdf; Bootsvol.8co.pdf
eo2.rtf,22,0.00%,Unkategorisiert,Sob_14_s.eo2.rtf; Sob_14_s.eo2.rtf; Sob_14_s.eo2.rtf
ul8.rtf,22,0.00%,Unkategorisiert,Ulr_257j.ul8.rtf; Ulr_257j.ul8.rtf; Ulr_257j.ul8.rtf
gle.png,22,0.00%,Unkategorisiert,Sm_trian.gle.PNG; Sm_trian.gle.PNG; Sm_trian.gle.PNG
erp.rtf,22,0.00%,Unkategorisiert,Cycleofp.erp.rtf; Cycleofp.erp.rtf; Cycleofp.erp.rtf
eo5.rtf,22,0.00%,Unkategorisiert,Sob_17_s.eo5.rtf; Sob_17_s.eo5.rtf; Sob_17_s.eo5.rtf
ula.rtf,22,0.00%,Unkategorisiert,Ot40spec.ula.rtf; Ot40spec.ula.rtf; Ot40spec.ula.rtf
ar8.rtf,22,0.00%,Unkategorisiert,Ulr_409m.ar8.rtf; Ulr_409m.ar8.rtf; Ulr_409m.ar8.rtf
4ti.pdf,22,0.00%,Unkategorisiert,Bootsvol.4ti.pdf; Bootsvol.4ti.pdf; Bootsvol.4ti.pdf
v86.pdf,22,0.00%,Unkategorisiert,Ot4012no.v86.pdf; Ot4012no.v86.pdf; Ot4012no.v86.pdf
4co.pdf,22,0.00%,Unkategorisiert,Bootsvol.4co.pdf; Bootsvol.4co.pdf; Bootsvol.4co.pdf
y.doc,22,0.00%,Unkategorisiert,Tb_4_cop.y.doc; Tb_4_cop.y.doc; Tb_4_cop.y.doc
6co.pdf,22,0.00%,Unkategorisiert,Bootsvol.6co.pdf; Bootsvol.6co.pdf; Bootsvol.6co.pdf
ef2.rtf,22,0.00%,Unkategorisiert,Adminbri.ef2.rtf; Adminbri.ef2.rtf; Adminbri.ef2.rtf
drw,22,0.00%,Unkategorisiert,Komm Kurs Communication .drw; Le Pont RO.drw; Komm KursConfronter .drw
ave.rtf,22,0.00%,Unkategorisiert,Howtounr.ave.rtf; Howtounr.ave.rtf; Howtounr.ave.rtf
sep.rtf,22,0.00%,Unkategorisiert,1stmoco7.sep.rtf; 1stmoco7.sep.rtf; 1stmoco7.sep.rtf
mni.rtf,22,0.00%,Unkategorisiert,Solulr5o.mni.rtf; Solulr5o.mni.rtf; Solulr5o.mni.rtf
war.png,22,0.00%,Unkategorisiert,Leftarro.war.PNG; Leftarro.war.PNG; Leftarro.war.PNG
0ju.pdf,22,0.00%,Unkategorisiert,Ot34_351.0ju.pdf; Ot34_351.0ju.pdf; Ot34_351.0ju.pdf
ef1.rtf,22,0.00%,Unkategorisiert,Adminbri.ef1.rtf; Adminbri.ef1.rtf; Adminbri.ef1.rtf
l19.pdf,22,0.00%,Unkategorisiert,Gmgc31ju.l19.pdf; Gmgc31ju.l19.pdf; Gmgc31ju.l19.pdf
14d.rtf,22,0.00%,Unkategorisiert,Ulr_no__.14d.rtf; Ulr_no__.14d.rtf; Ulr_no__.14d.rtf
sth.rtf,22,0.00%,Unkategorisiert,Basiclaw.sth.rtf; Basiclaw.sth.rtf; Basiclaw.sth.rtf
erv.rtf,22,0.00%,Unkategorisiert,Excalint.erv.rtf; Excalint.erv.rtf; Excalint.erv.rtf
dat.rtf,22,0.00%,Unkategorisiert,Confidcs.dat.rtf; Confidcs.dat.rtf; Confidcs.dat.rtf
ion.rtf,22,0.00%,Unkategorisiert,Applicat.ion.rtf; Applicat.ion.rtf; Applicat.ion.rtf
che.rtf,22,0.00%,Unkategorisiert,Bodysnat.che.rtf; Bodysnat.che.rtf; Bodysnat.che.rtf
evo.rtf,22,0.00%,Unkategorisiert,Titlepag.evo.rtf; Titlepag.evo.rtf; Titlepag.evo.rtf
orc.rtf,22,0.00%,Unkategorisiert,Hattingf.orc.rtf; Hattingf.orc.rtf; Hattingf.orc.rtf
gr.rtf,22,0.00%,Unkategorisiert,Excaldru.gr.rtf; Excaldru.gr.rtf; Excaldru.gr.rtf
arr.png,22,0.00%,Unkategorisiert,Tinydown.arr.PNG; Tinydown.arr.PNG; Tinydown.arr.PNG
pri.rtf,22,0.00%,Unkategorisiert,Ulr39lta.pri.rtf; Ulr39lta.pri.rtf; Ulr39lta.pri.rtf
7co.pdf,22,0.00%,Unkategorisiert,Bootsvol.7co.pdf; Bootsvol.7co.pdf; Bootsvol.7co.pdf
5ti.pdf,22,0.00%,Unkategorisiert,Bootsvol.5ti.pdf; Bootsvol.5ti.pdf; Bootsvol.5ti.pdf
5co.pdf,22,0.00%,Unkategorisiert,Bootsvol.5co.pdf; Bootsvol.5co.pdf; Bootsvol.5co.pdf
2co.pdf,22,0.00%,Unkategorisiert,Bootsvol.2co.pdf; Bootsvol.2co.pdf; Bootsvol.2co.pdf
cha.rtf,22,0.00%,Unkategorisiert,RUDSANAL.CHA.rtf; RUDSANAL.CHA.rtf; RUDSANAL.CHA.rtf
9au.rtf,22,0.00%,Unkategorisiert,Ot34_401.9au.rtf; Ot34_401.9au.rtf; Ot34_401.9au.rtf
rdm.rtf,22,0.00%,Unkategorisiert,Scoreboa.rdm.rtf; Scoreboa.rdm.rtf; Scoreboa.rdm.rtf
epa.pdf,22,0.00%,Unkategorisiert,Gmgctitl.epa.pdf; Gmgctitl.epa.pdf; Gmgctitl.epa.pdf
10.rtf,22,0.00%,Unkategorisiert,Sol_ulr_.10.rtf; Sol_ulr_.10.rtf; Sol_ulr_.10.rtf
pcs.pdf,22,0.00%,Unkategorisiert,Ulr22loo.pcs.pdf; Ulr22loo.pcs.pdf; Ulr22loo.pcs.pdf
add.rtf,22,0.00%,Unkategorisiert,Logic_rd.add.rtf; Logic_rd.add.rtf; Logic_rd.add.rtf
lo_.rtf,22,0.00%,Unkategorisiert,Ulr_3_so.lo_.rtf; Ulr_3_so.lo_.rtf; Ulr_3_so.lo_.rtf
ess.pdf,22,0.00%,Unkategorisiert,Ot17exp1.ess.pdf; Ot17exp1.ess.pdf; Ot17exp1.ess.pdf
ne.rtf,22,0.00%,Unkategorisiert,We_are_o.ne.rtf; We_are_o.ne.rtf; We_are_o.ne.rtf
eo3.rtf,22,0.00%,Unkategorisiert,Sob_15_s.eo3.rtf; Sob_15_s.eo3.rtf; Sob_15_s.eo3.rtf
o2j.rtf,22,0.00%,Unkategorisiert,Correctt.o2j.rtf; Correctt.o2j.rtf; Correctt.o2j.rtf
oat.rtf,22,0.00%,Unkategorisiert,Solulr4r.oat.rtf; Solulr4r.oat.rtf; Solulr4r.oat.rtf
ove.pdf,22,0.00%,Unkategorisiert,Ot34_40c.ove.pdf; Ot34_40c.ove.pdf; Ot34_40c.ove.pdf
ndt.rtf,22,0.00%,Unkategorisiert,Historya.ndt.rtf; Historya.ndt.rtf; Historya.ndt.rtf
r.pdf,22,0.00%,Unkategorisiert,CONDS_CB.R.pdf; CONDS_CB.R.pdf; CONDS_CB.R.pdf
cop.pdf,22,0.00%,Unkategorisiert,92chart1.cop.pdf; 92chart1.cop.pdf; 92chart1.cop.pdf
tit.rtf,22,0.00%,Unkategorisiert,Levelvii.tit.rtf; Levelvii.tit.rtf; Levelvii.tit.rtf
ost.rtf,22,0.00%,Unkategorisiert,Runningp.ost.rtf; Runningp.ost.rtf; Runningp.ost.rtf
rh.rtf,22,0.00%,Unkategorisiert,Gmc_99_l.rh.rtf; Gmc_99_l.rh.rtf; Gmc_99_l.rh.rtf
ief.rtf,22,0.00%,Unkategorisiert,Admin_br.ief.rtf; Admin_br.ief.rtf; Admin_br.ief.rtf
ocs.rtf,22,0.00%,Unkategorisiert,Ot_3_sol.ocs.rtf; Ot_3_sol.ocs.rtf; Ot_3_sol.ocs.rtf
ead.rtf,22,0.00%,Unkategorisiert,Xenuscas.ead.rtf; Xenuscas.ead.rtf; Xenuscas.ead.rtf
rpo.rtf,22,0.00%,Unkategorisiert,Newcivpu.rpo.rtf; Newcivpu.rpo.rtf; Newcivpu.rpo.rtf
obs.rtf,22,0.00%,Unkategorisiert,11d_tech.obs.rtf; 11d_tech.obs.rtf; 11d_tech.obs.rtf
mag.rtf,22,0.00%,Unkategorisiert,Order_of.mag.rtf; Order_of.mag.rtf; Order_of.mag.rtf
nep.pdf,22,0.00%,Unkategorisiert,Ot1721ju.nep.pdf; Ot1721ju.nep.pdf; Ot1721ju.nep.pdf
ean.rtf,22,0.00%,Unkategorisiert,Prmococl.ean.rtf; Prmococl.ean.rtf; Prmococl.ean.rtf
es.rtf,22,0.00%,Unkategorisiert,Gmgc_not.es.rtf; Gmgc_not.es.rtf; Gmgc_not.es.rtf
tin.rtf,22,0.00%,Unkategorisiert,Gmgcstar.tin.rtf; Gmgcstar.tin.rtf; Gmgcstar.tin.rtf
23n.rtf,22,0.00%,Unkategorisiert,Javiercs.23n.rtf; Javiercs.23n.rtf; Javiercs.23n.rtf
bil.rtf,22,0.00%,Unkategorisiert,Ulr23via.bil.rtf; Ulr23via.bil.rtf; Ulr23via.bil.rtf
ta_.rtf,22,0.00%,Unkategorisiert,More_onl.ta_.rtf; More_onl.ta_.rtf; More_onl.ta_.rtf
ay8.rtf,22,0.00%,Unkategorisiert,Debriefm.ay8.rtf; Debriefm.ay8.rtf; Debriefm.ay8.rtf
pcs.rtf,22,0.00%,Unkategorisiert,Ulr22lo1.pcs.rtf; Ulr22lo1.pcs.rtf; Ulr22lo1.pcs.rtf
ugs.rtf,22,0.00%,Unkategorisiert,Preonepl.ugs.rtf; Preonepl.ugs.rtf; Preonepl.ugs.rtf
e.rtf,22,0.00%,Unkategorisiert,Fz_decre.e.rtf; Fz_decre.e.rtf; Fz_decre.e.rtf
sis.rtf,22,0.00%,Unkategorisiert,Tough_dc.sis.rtf; Tough_dc.sis.rtf; Tough_dc.sis.rtf
cog.rtf,22,0.00%,Unkategorisiert,Gmc_big_.cog.rtf; Gmc_big_.cog.rtf; Gmc_big_.cog.rtf
dec.pdf,22,0.00%,Unkategorisiert,COIN_CS5.DEC.pdf; COIN_CS5.DEC.pdf; COIN_CS5.DEC.pdf
t17.rtf,22,0.00%,Unkategorisiert,Gmc_12_o.t17.rtf; Gmc_12_o.t17.rtf; Gmc_12_o.t17.rtf
0ma.pdf,22,0.00%,Unkategorisiert,Ot12_132.0ma.pdf; Ot12_132.0ma.pdf; Ot12_132.0ma.pdf
rdc.rtf,22,0.00%,Unkategorisiert,Clonecyc.rdc.rtf; Clonecyc.rdc.rtf; Clonecyc.rdc.rtf
ef3.rtf,22,0.00%,Unkategorisiert,Adminbri.ef3.rtf; Adminbri.ef3.rtf; Adminbri.ef3.rtf
urs.rtf,22,0.00%,Unkategorisiert,Gmgradco.urs.rtf; Gmgradco.urs.rtf; Gmgradco.urs.rtf
cle.rtf,22,0.00%,Unkategorisiert,Ot40cocy.cle.rtf; Ot40cocy.cle.rtf; Ot40cocy.cle.rtf
wme.rtf,22,0.00%,Unkategorisiert,Rachartl.wme.rtf; Rachartl.wme.rtf; Rachartl.wme.rtf
itl.pdf,22,0.00%,Unkategorisiert,Ot34_40t.itl.pdf; Ot34_40t.itl.pdf; Ot34_40t.itl.pdf
doc.txt,22,0.00%,Unkategorisiert,5911C08 MC_06 Final Lecture.doc.txt; 5911C08 1STMACC_06 Final Lecture.doc.txt; 5911C08 1STMACC_06 Final Lecture.doc.txt
9.rtf,22,0.00%,Unkategorisiert,Sol_ulr_.9.rtf; Sol_ulr_.9.rtf; Sol_ulr_.9.rtf
pen.rtf,22,0.00%,Unkategorisiert,Level7ta.pen.rtf; Level7ta.pen.rtf; Level7ta.pen.rtf
nov.rtf,22,0.00%,Unkategorisiert,Body_sw1.nov.rtf; Body_sw1.nov.rtf; Body_sw1.nov.rtf
1ju.rtf,22,0.00%,Unkategorisiert,Ot17_182.1ju.rtf; Ot17_182.1ju.rtf; Ot17_182.1ju.rtf
eex.rtf,22,0.00%,Unkategorisiert,Titlepag.eex.rtf; Titlepag.eex.rtf; Titlepag.eex.rtf
o1a.rtf,22,0.00%,Unkategorisiert,Sob_20se.o1a.rtf; Sob_20se.o1a.rtf; Sob_20se.o1a.rtf
ton.rtf,22,0.00%,Unkategorisiert,Marianne.ton.rtf; Marianne.ton.rtf; Marianne.ton.rtf
ecr.rtf,22,0.00%,Unkategorisiert,Non_intd.ecr.rtf; Non_intd.ecr.rtf; Non_intd.ecr.rtf
e19.rtf,22,0.00%,Unkategorisiert,Titlepag.e19.rtf; Titlepag.e19.rtf; Titlepag.e19.rtf
oop.rtf,22,0.00%,Unkategorisiert,Ulr_21_l.oop.rtf; Ulr_21_l.oop.rtf; Ulr_21_l.oop.rtf
ow.png,22,0.00%,Unkategorisiert,Down_arr.ow.PNG; Down_arr.ow.PNG; Down_arr.ow.PNG
gm.pdf,22,0.00%,Unkategorisiert,Gum_10_p.gm.pdf; Gum_10_p.gm.pdf; Gum_10_p.gm.pdf
ote.rtf,22,0.00%,Unkategorisiert,Excalcsn.ote.rtf; Excalcsn.ote.rtf; Excalcsn.ote.rtf
lpr.rtf,22,0.00%,Unkategorisiert,Cardexca.lpr.rtf; Cardexca.lpr.rtf; Cardexca.lpr.rtf
owe.rtf,22,0.00%,Unkategorisiert,Purposep.owe.rtf; Purposep.owe.rtf; Purposep.owe.rtf
8.rtf,22,0.00%,Unkategorisiert,Sol_ulr_.8.rtf; Sol_ulr_.8.rtf; Sol_ulr_.8.rtf
ssi.rtf,22,0.00%,Unkategorisiert,Advancea.ssi.rtf; Advancea.ssi.rtf; Advancea.ssi.rtf
eo4.rtf,22,0.00%,Unkategorisiert,Sob_16_s.eo4.rtf; Sob_16_s.eo4.rtf; Sob_16_s.eo4.rtf
ric.rtf,22,0.00%,Unkategorisiert,Anothert.ric.rtf; Anothert.ric.rtf; Anothert.ric.rtf
lug.rtf,22,0.00%,Unkategorisiert,Findrunp.lug.rtf; Findrunp.lug.rtf; Findrunp.lug.rtf
ovc.rtf,22,0.00%,Unkategorisiert,Bodysw1n.ovc.rtf; Bodysw1n.ovc.rtf; Bodysw1n.ovc.rtf
s21.rtf,21,0.00%,Unkategorisiert,Falsecog.s21.rtf; Falsecog.s21.rtf; Falsecog.s21.rtf
wrd,21,0.00%,Unkategorisiert,L10PROGM.WRD; L10PROGM.WRD; L10PROGM.WRD
ght.rtf,21,0.00%,Unkategorisiert,Extstrai.ght.rtf; Extstrai.ght.rtf; Extstrai.ght.rtf
lea.rtf,21,0.00%,Unkategorisiert,R6ewforc.lea.rtf; R6ewforc.lea.rtf; R6ewforc.lea.rtf
rai.doc,21,0.00%,Unkategorisiert,Tb11theg.rai.doc; Tb11theg.rai.doc; Tb11theg.rai.doc
c.rtf,21,0.00%,Unkategorisiert,Powerpro.c.rtf; Powerpro.c.rtf; Powerpro.c.rtf
0ju.rtf,21,0.00%,Unkategorisiert,Ot34_351.0ju.rtf; Ot34_351.0ju.rtf; Ot34_351.0ju.rtf
part2.rar,20,0.00%,Unkategorisiert,The Summary Course Lectures(HCL Or The Dawn of Immortality Or Milestone One)('97 Tape) '52.part2.rar; Transcripts.part2.rar; 5110 Thought Emotion and Effort.part2.rar
rie.rtf,20,0.00%,Unkategorisiert,Ot14_16b.rie.rtf; Ot14_16b.rie.rtf; Ot14_16b.rie.rtf
erz,20,0.00%,Unkategorisiert,INHALTSV.ERZ; INHALTSV.ERZ; INHALTSV.ERZ
srd.rtf,20,0.00%,Unkategorisiert,OT14___S.SRD.rtf; OT14___S.SRD.rtf; OT14___S.SRD.rtf
l.rtf,20,0.00%,Unkategorisiert,THE_GRAI.L.rtf; THE_GRAI.L.rtf; THE_GRAI.L.rtf
lic,20,0.00%,Unkategorisiert,vdk10.lic; vdk10.lic; vdk10.lic
part04.rar,19,0.00%,Unkategorisiert,Scientology_Materials.part04.rar; OCA.part04.rar; OCA.part04.rar
wpg,19,0.00%,Unkategorisiert,ES6.WPG; EINSCHR6.WPG; EINSCHR1.WPG
part03.rar,19,0.00%,Unkategorisiert,Lectures.part03.rar; Scientology_Materials.part03.rar; OCA.part03.rar
ein.rtf,19,0.00%,Unkategorisiert,INTROTOB.EIN.rtf; INTROTOB.EIN.rtf; INTROTOB.EIN.rtf
part06.rar,19,0.00%,Unkategorisiert,Lectures.part06.rar; Publications.part06.rar; OCA.part06.rar
st.rtf,19,0.00%,Unkategorisiert,Gmc_ckli.st.rtf; Gmc_ckli.st.rtf; Gmc_ckli.st.rtf
part02.rar,19,0.00%,Unkategorisiert,New Vols PDF Interactive.part02.rar; Lectures.part02.rar; OCA.part02.rar
bin,19,0.00%,Unkategorisiert,layout.bin; layout.bin; layout.bin
rre,19,0.00%,Unkategorisiert,EXCALIBU.RRE; EXCALIBU.RRE; EXCALIBU.RRE
cop.rtf,19,0.00%,Unkategorisiert,Ot141516.cop.rtf; Ot141516.cop.rtf; Ot141516.cop.rtf
sco.rtf,19,0.00%,Unkategorisiert,OTLRCARD.SCO.rtf; OTLRCARD.SCO.rtf; OTLRCARD.SCO.rtf
part05.rar,19,0.00%,Unkategorisiert,Lectures.part05.rar; Publications.part05.rar; ScnTech-Russian.part05.rar
pa.rtf,19,0.00%,Unkategorisiert,Prestat_.pa.rtf; Prestat_.pa.rtf; Prestat_.pa.rtf
webm,18,0.00%,üé¨ Video,AZK - Die Evolution des Geldbildes incl  Film √ºber den Goldschmied Fabian ! (Nicolas Hofer).webm; Scientology Leader David Miscavige Lies About Book Sales and Use (March 2009).webm; Aa Dianetics  The Original Thesis   Dianetics & Scientology    Bridge Publications  Inc.webm
doc.zip,18,0.00%,Unkategorisiert,EPOC_42_-_Rons_Journal_68.doc.zip; EPOC_42_-_Rons_Journal_68.doc.zip; EPOC_17_Pro_Course_of_July_1954.doc.zip
tol,18,0.00%,Unkategorisiert,THESCIEN.TOL; THESCIEN.TOL; EX-SCIE4.TOL
std,18,0.00%,Unkategorisiert,vdk10.std; vdk10.std; vdk10.std
ure.rtf,18,0.00%,Unkategorisiert,UFO_LECT.URE.rtf; UFO_LECT.URE.rtf; UFO_LECT.URE.rtf
ppt,18,0.00%,Unkategorisiert,Poster und Vortr√§ge veranst12.ppt; Postulatprozessing_1.ppt; Schreiben mit Latex veranst4.ppt
dic,18,0.00%,Unkategorisiert,BENUTZER.DIC; bses.dic; BSES.DIC
b10.rtf,18,0.00%,Unkategorisiert,Exerpt_t.b10.rtf; Exerpt_t.b10.rtf; Exerpt_t.b10.rtf
cnt.gif,18,0.00%,Unkategorisiert,top100.cnt.gif; top100.cnt.gif; top100.cnt.gif
lid,18,0.00%,Unkategorisiert,setup.lid; setup.lid; setup.lid
ex_,18,0.00%,Unkategorisiert,_INST32I.EX_; _INST32I.EX_; _INST32I.EX_
ght,17,0.00%,Unkategorisiert,12THEFLI.GHT; 12THEFLI.GHT; 06THEFLI.GHT
prg.rtf,17,0.00%,Unkategorisiert,S9_WORLD.PRG.rtf; S9_WORLD.PRG.rtf; S9_WORLD.PRG.rtf
_style.wld,17,0.00%,Unkategorisiert,._style.wld; ._style.wld; ._style.wld
out,17,0.00%,Unkategorisiert,nohup.out; nohup.out; 200108-nohup.out
0.html,17,0.00%,Unkategorisiert,4.0.html; 4.0.html; 4.0.html
opd,17,0.00%,Unkategorisiert,tb7.opd; Clearing Success Congress.opd; Clearing Success Congress.opd
asp,17,0.00%,Unkategorisiert,CACHE210.ASP; CACHE210.ASP; AUDIT.ASP
cmp,17,0.00%,Unkategorisiert,vdk10.cmp; vdk10.cmp; vdk10.cmp
gif.gif,17,0.00%,Unkategorisiert,navprev.gif.gif; links.gif.gif; naxindex.gif.gif
_data.trn,17,0.00%,Unkategorisiert,._data.trn; ._data.trn; ._data.trn
dict,17,0.00%,Unkategorisiert,SVGViewer.dict; SVGViewer.dict; SVGViewer.dict
o.rtf,17,0.00%,Unkategorisiert,SEC9INTR.O.rtf; SEC9INTR.O.rtf; SEC9INTR.O.rtf
stc,17,0.00%,Unkategorisiert,VDK10.STC; VDK10.STC; VDK10.STC
thd,17,0.00%,Unkategorisiert,vdk10.thd; vdk10.thd; vdk10.thd
tag,17,0.00%,Unkategorisiert,DATA.TAG; DATA.TAG; DATA.TAG
syx,17,0.00%,Unkategorisiert,vdk10.syx; vdk10.syx; vdk10.syx
svg,17,0.00%,üñºÔ∏è Bilder,SVGAbout.svg; SVGAbout.svg; SVGAbout.svg
_qt4.dll,16,0.00%,Unkategorisiert,._QT4.dll; ._QT4.dll; ._QT4.dll
roo.rtf,16,0.00%,Unkategorisiert,Briefint.roo.rtf; Briefint.roo.rtf; Briefint.roo.rtf
_aform.js,16,0.00%,Unkategorisiert,._aform.js; ._aform.js; ._aform.js
_setup.lid,16,0.00%,Unkategorisiert,._setup.lid; ._setup.lid; ._setup.lid
wp,16,0.00%,Unkategorisiert,SUCCESS2.WP; HAUSTUER.WP; EINSCHR2.WP
_pdf.tlb,16,0.00%,Unkategorisiert,._pdf.tlb; ._pdf.tlb; ._pdf.tlb
rud.rtf,16,0.00%,Unkategorisiert,Leveliii.rud.rtf; Leveliii.rud.rtf; Leveliii.rud.rtf
mpeg,16,0.00%,Unkategorisiert,Scientology and the Clearwater Police.mpeg; UFO - Inspecting The Twin Towers  (9-9-2001).mpeg; nasa - moon ufo - earth ufo.mpeg
hw.rtf,16,0.00%,Unkategorisiert,Phx_cbr_.hw.rtf; Phx_cbr_.hw.rtf; Phx_cbr_.hw.rtf
me.rtf,16,0.00%,Unkategorisiert,Units_ti.me.rtf; Units_ti.me.rtf; Units_ti.me.rtf
html_c,16,0.00%,Unkategorisiert,1952_PerceptionOfTruth.html_c; 1952_PerceptionOfTruth.html_c; 1952_PerceptionOfTruth-2.html_c
pnm,16,0.00%,Unkategorisiert,image-0003.pnm; image-0002.pnm; image-0003.pnm
ru.htm,16,0.00%,Unkategorisiert,travel.ru.htm; travel.ru.htm; √Ø√∞√®√™√Æ√´√º√≠√ª√• √ó√•√∞√≠√≥√∏√≠√ª√• √™√†√∞√≤√®√≠√™√® √≠√† √±√†√©√≤√• fomenko.ru.htm
_vdk10.thd,16,0.00%,Unkategorisiert,._vdk10.thd; ._vdk10.thd; ._vdk10.thd
_in.rtf,16,0.00%,Unkategorisiert,P_pgames._in.rtf; P_pgames._in.rtf; P_pgames._in.rtf
ita,16,0.00%,Unkategorisiert,Search.ITA; Weblink.ITA; EScript.ITA
nni.rtf,16,0.00%,Unkategorisiert,Theoryru.nni.rtf; Theoryru.nni.rtf; Theoryru.nni.rtf
tie.rtf,16,0.00%,Unkategorisiert,Twoabili.tie.rtf; Twoabili.tie.rtf; Twoabili.tie.rtf
_ab.rtf,16,0.00%,Unkategorisiert,The_most._ab.rtf; The_most._ab.rtf; The_most._ab.rtf
1.xls,16,0.00%,Unkategorisiert,WUS_Ambstats_2009_V2-9.1.xls; WUS_Ambstats_2009_V2-2.1.xls; WUS_Ambstats_2009_V2-17.1.xls
cgi.html,16,0.00%,Unkategorisiert,main.cgi.html; main.cgi.html; editip.cgi.html
pm5,16,0.00%,Unkategorisiert,OCANEW.PM5; OCANEW.PM5; Power - Solo.pm5
iff.rtf,16,0.00%,Unkategorisiert,Cr___pld.iff.rtf; Cr___pld.iff.rtf; Cr___pld.iff.rtf
sid.rtf,16,0.00%,Unkategorisiert,Valencev.sid.rtf; Valencev.sid.rtf; Valencev.sid.rtf
htaccess,16,0.00%,Unkategorisiert,.htaccess; .htaccess; .htaccess
hx.rtf,16,0.00%,Unkategorisiert,Theory_p.hx.rtf; Theory_p.hx.rtf; Theory_p.hx.rtf
do.rtf,16,0.00%,Unkategorisiert,Clear_an.do.rtf; Clear_an.do.rtf; Clear_an.do.rtf
mp2,16,0.00%,üéµ Audio,J00___5M.MP2; J00___5M.MP2; J00___5M.MP2
eni.rtf,16,0.00%,Unkategorisiert,Ckshtpho.eni.rtf; Ckshtpho.eni.rtf; Ckshtpho.eni.rtf
_16.rtf,16,0.00%,Unkategorisiert,Ot_14_15._16.rtf; Ot_14_15._16.rtf; Ot_14_15._16.rtf
4pt.rtf,16,0.00%,Unkategorisiert,Axioms_1.4pt.rtf; Axioms_1.4pt.rtf; Axioms_1.4pt.rtf
ngo.rtf,16,0.00%,Unkategorisiert,Crauditi.ngo.rtf; Crauditi.ngo.rtf; Crauditi.ngo.rtf
oc.rtf,16,0.00%,Unkategorisiert,Power_pr.oc.rtf; Power_pr.oc.rtf; Power_pr.oc.rtf
los.rtf,16,0.00%,Unkategorisiert,Phoenixg.los.rtf; Phoenixg.los.rtf; Phoenixg.los.rtf
sco.pdf,16,0.00%,Unkategorisiert,Ot13note.sco.pdf; Ot13note.sco.pdf; Ot13note.sco.pdf
esi.rtf,16,0.00%,Unkategorisiert,Phoenixr.esi.rtf; Phoenixr.esi.rtf; Phoenixr.esi.rtf
gle.rtf,16,0.00%,Unkategorisiert,Krctrian.gle.rtf; Krctrian.gle.rtf; Krctrian.gle.rtf
que.rtf,16,0.00%,Unkategorisiert,Phxcriti.que.rtf; Phxcriti.que.rtf; Phxcriti.que.rtf
rud.doc,16,0.00%,Unkategorisiert,OVERT.RUD.doc; OVERT.RUD.doc; OVERT.RUD.doc
ues.rtf,16,0.00%,Unkategorisiert,Phoenixq.ues.rtf; Phoenixq.ues.rtf; Phoenixq.ues.rtf
epo.rtf,16,0.00%,Unkategorisiert,Resistiv.epo.rtf; Resistiv.epo.rtf; Resistiv.epo.rtf
out.doc,16,0.00%,Unkategorisiert,R.OUT.doc; R.OUT.doc; R.OUT.doc
memo.txt,15,0.00%,Unkategorisiert,CODES.MEMO.txt; RA3.MEMO.txt; RAL6.MEMO.txt
dcr,15,0.00%,Unkategorisiert,CACHE623.DCR; CACHE623.DCR; ENTERED2.DCR
x32,15,0.00%,Unkategorisiert,MIX32.X32; MIX32.X32; PICTVIEW.X32
_ph.rtf,15,0.00%,Unkategorisiert,Ssforots._ph.rtf; Ssforots._ph.rtf; Ssforots._ph.rtf
e.s.p.html,15,0.00%,Unkategorisiert,A.E.S.P.html; A.E.S.P.html; A.E.S.P.html
mp3.mp3,15,0.00%,Unkategorisiert,"19570413 LCNRH-9 Gruppenprozessing, Betonung auf Kontrolle, Teil II.mp3.mp3; 19570413 LCNRH-9 Gruppenprozessing, Betonung auf Kontrolle, Teil II.mp3.mp3; 591109bb 1MACC-02b Demonstration of An Assist24 min (50), Gold, ProTRs Edition.mp3.mp3"
pdf.tmp,15,0.00%,Unkategorisiert,Ability 3 Major (1955).pdf.tmp; Scientology Exhibit - XI Fiche 1-4.pdf.tmp; Scientology Exhibit - XI Fiche 1-4.pdf.tmp
7z,15,0.00%,üì¶ Archive,Emeter - Drills.7z; Child Scientology.7z; PRODVINU.7z
h.html,15,0.00%,Unkategorisiert,AUX-P.H.html; AUX-P.H.html; AUX-P.H.html
jbf,15,0.00%,Unkategorisiert,pspbrwse.jbf; pspbrwse.jbf; pspbrwse.jbf
sci,15,0.00%,Unkategorisiert,WHYISTHE.SCI; WHYISTHE.SCI; 9197-NEW.SCI
3.txt,15,0.00%,Unkategorisiert,1.3.txt; 1.3.txt; 1.3.txt
t12.rtf,15,0.00%,Unkategorisiert,_cksht_o.t12.rtf; _cksht_o.t12.rtf; _cksht_o.t12.rtf
cco.rtf,15,0.00%,Unkategorisiert,Powerpro.cco.rtf; Powerpro.cco.rtf; Powerpro.cco.rtf
py.rtf,15,0.00%,Unkategorisiert,Reviv_co.py.rtf; Reviv_co.py.rtf; Reviv_co.py.rtf
ms.rtf,15,0.00%,Unkategorisiert,Scn_axio.ms.rtf; Scn_axio.ms.rtf; Scn_axio.ms.rtf
doc.pdf,14,0.00%,Unkategorisiert,5911C08 MC_06 Final Lecture.doc.pdf; 5911C08 MC_06 Final Lecture.doc.pdf; 5911C08 MC_06 Final Lecture.doc.pdf
opt,14,0.00%,Unkategorisiert,FRBatch.opt; FRBatch.opt; FRBatch.opt
divx,14,0.00%,Unkategorisiert,RV2of4.divx; 1 EINDREAM.divx; 1 EINDREAM.divx
html_cmp_c,14,0.00%,Unkategorisiert,LGC1953_Tapes-2.html_cmp_c; LGC1953_Tapes.html_cmp_c; 1952_PerceptionOfTruth-2.html_cmp_c
dbf,14,0.00%,üìä Daten,QUESTION.DBF; QUESTION.DBF; QUESTION.DBF
cie,14,0.00%,Unkategorisiert,ESSAYON1.CIE; ESSAYON1.CIE; RI-806IS.CIE
_09.rtf,14,0.00%,Unkategorisiert,COPYOFTB._09.rtf; COPYOFTB._09.rtf; COPYOFTB._09.rtf
efi,14,0.00%,Unkategorisiert,ADMINBRI.EFI; ADMINBRI.EFI; ADMINBR2.EFI
ews,14,0.00%,Unkategorisiert,FACTNETN.EWS; FACTNETN.EWS; FACTNETN.EWS
e.pdf,14,0.00%,Unkategorisiert,"5312c14 2ACC 23A Cause and Effect, Assignment of Cause, G.E.pdf; 5312c14 2ACC 23A Cause and Effect, Assignment of Cause, G.E.pdf; 5312c14 2ACC 23A Cause and Effect, Assignment of Cause, G.E.pdf"
scn,13,0.00%,Unkategorisiert,DEATHSIN.SCN; DEATHSIN.SCN; Beyond Psychology MP.SCN
pls,13,0.00%,Unkategorisiert,Factor.pls; Default.PLS; Default.PLS
e.txt.txt,13,0.00%,Unkategorisiert,._5312c14 2acc-23a  Cause and Effect -Assignment of Cause- G.E.txt.txt; 5312c14 2acc-23a  Cause and Effect -Assignment of Cause- G.E.txt.txt; 5312c14 2acc-23a  Cause and Effect -Assignment of Cause- G.E.txt.txt
wri,13,0.00%,Unkategorisiert,Umfrage zu Gewinne und Verlust.wri; TROM II.wri; PICTURES.WRI
eml.txt,13,0.00%,Unkategorisiert,WG  Sirius.eml.TXT; 061024 Gross ._. Scn-Kirche.eml.txt; Hubbard wrote the 'Russian Texbook' and later used it non-medical ideas and methods..eml.txt
pps,13,0.00%,Unkategorisiert,—à–∫–∞–ª–∞ —Ç–æ–Ω–æ–≤.pps; –î–∏–Ω–∞–º–∏–∫–∏.pps; ESTA_FOTO_ES_MUY_RARA_1__1__2__1__2__1_....pps
de_,13,0.00%,Unkategorisiert,WPXX02TO.DE_; WPXX02TO.DE_; WPXX02TO.DE_
dhi,13,0.00%,Unkategorisiert,THESPYA2.DHI; THESPYA2.DHI; THESPYA4.DHI
wk4,12,0.00%,Unkategorisiert,√úbersichtstabelle zur Verfolgung von Prospekts.wk4; Akten sortiert nach Orgboard.wk4; Zielgruppen-Entscheidungs-Matrix (per Dep 4).wk4
rp,12,0.00%,Unkategorisiert,P6504074.RP; P6504074.RP; P790901.RP
cgi.jpg,12,0.00%,Unkategorisiert,rle.cgi.jpg; rle.cgi.jpg; rle.cgi.jpg
fm,12,0.00%,Unkategorisiert,700615B tercer PR.FM; 710319 HCOB.fm; 710719-1hcob CS Series 52 Internos.fm
01.pdf,12,0.00%,Unkategorisiert,Technical Dictionary V1.01.pdf; Technical Dictionary V1.01.pdf; Technical Dictionary V1.01.pdf
nfo.txt,12,0.00%,Unkategorisiert,L Ron Hubbard - 1202 Mouthpiece.nfo.txt; L Ron Hubbard - 1207 False Cargo.nfo.txt; L Ron Hubbard - 1110 Sky Birds Dare.nfo.txt
cwk_copy,12,0.00%,Unkategorisiert,Basics_of_Auditing_#2.cwk_copy; Basics_of_Auditing_#2.cwk_copy; Basics_of_Auditing_#2.cwk_copy
ogi,12,0.00%,Unkategorisiert,SCIENTOL.OGI; SCIENTOL.OGI; SCIENTO1.OGI
jpg.1,12,0.00%,Unkategorisiert,bk-1.jpg.1; bk-1.jpg.1; bk-1.jpg.1
erp,12,0.00%,Unkategorisiert,THEE-ME3.ERP; THEE-ME3.ERP; THEE-ME3.ERP
vbx,12,0.00%,Unkategorisiert,THREED.VBX; THREED.VBX; THREED.VBX
_intro.htm,11,0.00%,Unkategorisiert,._intro.htm; ._intro.htm; ._intro.htm
1980.pdf,11,0.00%,Unkategorisiert,redvol13.1980.pdf; redvol13.1980.pdf; redvol13.1980.pdf
e.txt,11,0.00%,Unkategorisiert,5312c14 2acc 23a Cause and Effect -Assignment of Cause- G.E.txt; 5312c14 2acc 23a Cause and Effect -Assignment of Cause- G.E.txt; 5312c14 2acc 23a Cause and Effect -Assignment of Cause- G.E.txt
part01.exe,11,0.00%,Unkategorisiert,OCA.part01.exe; OCA.part01.exe; OCA.part01.exe
wpd,11,0.00%,Unkategorisiert,RJ 67.wpd; RJ 67.wpd; RJ 67.wpd
lev,11,0.00%,Unkategorisiert,THEUPPER.LEV; THEUPPER.LEV; THEUPPER.LEV
